Company Name,Industry,Open_price,High_price,Low_price,Price_Range,Last_Traded_Price,Share_Volume,Value_Indian_Rupees,52 _Week_High,52 _Week_Low,365 Day Percentage Change,30 Day Percentage Change,Potential_Growth %,Risk %,Momentum_Score,Investment_Score
Vardhman Textiles Ltd.,Textiles,265.45,273.25,262.1,11.15,272.95,431463,115235138,2880,245.5,80.62,7.58,955.14,10.06,58.71,1013.85
Dhani Services Ltd.,Financial Services,37.6,37.6,34.2,3.4,35.3,20638577,751037817,242.9,28.5,79.85,28.44,588.1,19.26,64.43,652.53
Solara Active Pharma Sciences Ltd.,Healthcare,350,354.55,341,13.55,346,56960,19701324.8,1827,320,79.09,15.14,428.03,7.51,59.91,487.94
Schaeffler India Ltd.,Automobile and Auto Components,2289,2289,2250,39,2260,46062,104262718.9,9700,1598,59.35,0.44,329.2,29.29,41.68,370.88
Dilip Buildcon Ltd.,Construction,190,190.75,187.45,3.3,189.75,231621,43871333.61,749.8,187.45,66.8,16.47,295.15,1.21,51.7,346.85
Brightcom Group Ltd.,Information Technology,32.9,32.9,32.9,0,32.9,821102,27014255.8,122.88,10.73,40.27,51.17,273.5,67.39,43.54,317.04
Sequent Scientific Ltd.,Healthcare,93.55,93.55,91.2,2.35,93,625299,57690085.74,328.7,82,70.32,15.78,253.44,11.83,53.96,307.4
Hinduja Global Solutions Ltd.,Services,1075,1080.55,1050.05,30.5,1074.1,180181,193514394,3920,846,0,11.13,264.96,21.24,3.34,268.3
Indiabulls Housing Finance Ltd.,Financial Services,94.5,96.4,93.1,3.3,96.2,12436219,1174725247,297.8,90.75,63.7,19.7,209.56,5.67,50.5,260.06
Indiabulls Real Estate Ltd.,Realty,61.2,62.3,60.15,2.15,61.7,4909229,299462969,195.9,60.15,48.26,18.9,217.5,2.51,39.45,256.96
Hikal Ltd.,Healthcare,239.85,243.6,234.15,9.45,238.95,386423,92262355.48,742,212,51.31,27.67,210.53,11.28,44.22,254.74
Wockhardt Ltd.,Healthcare,206.95,208.8,205.15,3.65,207,375081,77671773.48,592,205.15,59.74,19.34,185.99,0.89,47.62,233.61
Vaibhav Global Ltd.,Consumer Services,301,306.95,287.9,19.05,303,131705,39561547.9,860,287.9,62.43,10.68,183.83,4.98,46.91,230.73
RBL Bank Ltd.,Financial Services,82.95,86.7,82.1,4.6,85.95,16258460,1376278639,226.4,74.15,60.36,25.69,163.41,13.73,49.96,213.37
Nazara Technologies Ltd.,Media Entertainment & Publication,670,676.9,638.3,38.6,649.9,302182,197974537.3,1678,475.05,55.68,44.79,158.19,26.9,52.41,210.61
Zomato Ltd.,Consumer Services,54.15,56.7,52.55,4.15,56,112078641,6193465702,169,50.05,0,27.86,201.79,10.63,8.36,210.14
H.E.G. Ltd.,Capital Goods,995.8,998.95,963.3,35.65,984.9,69104,67787568.8,2629,890.8,54.45,11.08,166.93,9.55,41.44,208.37
Lux Industries Ltd.,Textiles,1754.45,1765,1729.05,35.95,1740,15428,26888535.52,4644,1684.85,50.96,12.56,166.9,3.17,39.44,206.34
One 97 Communications Ltd.,Financial Services,672.9,675.7,652,23.7,657.7,3069693,2027839196,1955,510.05,0,3.48,197.25,22.45,1.04,198.29
Manappuram Finance Ltd.,Financial Services,84.9,89.6,83.65,5.95,88.25,13581092,1194185420,224.5,81.5,49.63,11.04,154.39,7.65,38.05,192.44
Indiamart Intermesh Ltd.,Consumer Services,3822.5,3877.4,3791.05,86.35,3818,98110,375615116.1,9710.7,3785.1,45.52,16.36,154.34,0.86,36.77,191.11
Metropolis Healthcare Ltd.,Healthcare,1400,1439.95,1397.05,42.9,1435.1,100318,142381337.4,3579.9,1378.05,50.4,12.98,149.45,3.98,39.17,188.63
Trident Ltd.,Textiles,38.65,38.8,37.65,1.15,38.2,2633568,100365276.5,70.35,16.3,136.7,18.87,84.16,57.33,101.35,185.51
Strides Pharma Science Ltd.,Healthcare,325.05,340,325.05,14.95,337,632891,210695742.8,818,263.35,56.45,0.54,142.73,21.85,39.68,182.41
Indian Railway Catering And Tourism Corporation Ltd.,Consumer Services,576.2,585.8,575.7,10.1,578.3,1928361,1117909439,1279.26,404.29,71.67,16.81,121.21,30.09,55.21,176.42
The New India Assurance Company Ltd.,Financial Services,79.8,80.6,78.15,2.45,78.9,289192,22805681.12,178.4,78.15,52.95,21.26,126.11,0.95,43.44,169.55
Firstsource Solutions Ltd.,Information Technology,102.5,104.3,101.35,2.95,103.7,1265235,130116767.4,242.85,93,44.96,7.34,134.19,10.32,33.67,167.86
Spicejet Ltd.,Services,37.9,39.5,37.7,1.8,39.05,2091895,81416553.4,87.3,37.15,52.9,19.6,123.56,4.87,42.91,166.47
Jubilant Pharmova Ltd.,Healthcare,348.8,349,281.8,67.2,340,71858,23945959.92,767,281.8,53.06,10.55,125.59,17.12,40.31,165.9
Welspun India Ltd.,Textiles,69.6,70.4,68.15,2.25,69.9,1174496,81275123.2,170.7,62.2,27.96,6.27,144.21,11.02,21.45,165.66
Thyrocare Technologies Ltd.,Healthcare,622.9,627,613.2,13.8,617.8,33220,20545573.4,1374.9,613.2,52.69,5.85,122.55,0.74,38.64,161.19
Infibeam Avenues Ltd.,Information Technology,13.9,14.1,13.4,0.7,13.6,2029884,27667318.92,28.05,12.5,72.81,4.41,106.25,8.09,52.29,158.54
PB Fintech Ltd.,Financial Services,571.95,603,571.4,31.6,585.05,543062,322052057.9,1470,540.1,0,13.67,151.26,7.68,4.1,155.36
Sterlite Technologies Ltd.,Telecommunication,148.5,150.1,145.05,5.05,147.5,374778,55276007.22,318,135.5,43.85,14.71,115.59,8.14,35.11,150.7
Indo Count Industries Ltd.,Textiles,131.25,138,130.4,7.6,136.5,387980,52474295,315,119.55,22.98,12.05,130.77,12.42,19.7,150.47
Laxmi Organic Industries Ltd.,Chemicals,283,287.35,280.6,6.75,287,338168,96235849.44,628,219.6,29.18,22.65,118.82,23.48,27.22,146.04
Indian Energy Exchange Ltd.,Financial Services,158,161.15,157,4.15,159.9,9279366,1476625512,318.67,124.45,57.68,18.44,99.29,22.17,45.91,145.2
Steel Authority of India Ltd.,Metals & Mining,68.2,70.2,67.85,2.35,69.9,20563587,1415391693,145.9,63.6,47.51,9.74,108.73,9.01,36.18,144.91
Tata Teleservices (Maharashtra) Ltd.,Telecommunication,121.4,122.7,118.5,4.2,119.4,2252618,269660900.8,290.15,32.75,0,3.43,143.01,72.57,1.03,144.04
ICICI Securities Ltd.,Financial Services,427.1,429.6,412,17.6,413.5,570584,237003476.1,896.05,408.4,33.08,4.05,116.7,1.23,24.37,141.07
PNB Housing Finance Ltd.,Financial Services,329.55,329.55,324.65,4.9,327.55,59692,19533610.08,784.4,311.45,0,1.55,139.47,4.92,0.47,139.94
Justdial Ltd.,Consumer Services,560,569.1,551.05,18.05,558,194406,108597135.7,1138,520,41.18,14.55,103.94,6.81,33.19,137.13
Jindal Stainless Ltd.,Metals & Mining,100,100.6,97.35,3.25,99.8,492895,48845894.5,224.4,95.05,8.98,10.89,124.85,4.76,9.55,134.4
Venky's (India) Ltd.,Fast Moving Consumer Goods,1897.15,1910,1875.75,34.25,1901,8251,15614192.4,3746,1772.95,47.1,6.86,97.05,6.74,35.03,132.08
NBCC (India) Ltd.,Construction,28.5,28.8,28.1,0.7,28.8,1801802,51189194.82,55.5,26.55,47.36,15.35,92.71,7.81,37.76,130.47
Ajanta Pharmaceuticals Ltd.,Healthcare,1233,1275.05,1229.35,45.7,1265.9,109740,137293519.2,2435,1186,42.5,27.87,92.35,6.31,38.11,130.46
Latent View Analytics Ltd.,Information Technology,332,336.8,330.3,6.5,335.15,212311,70890642.9,754.9,305.25,0,16.67,125.24,8.92,5,130.24
KPIT Technologies Ltd.,Information Technology,512,514.95,495.4,19.55,500.9,940281,471738977.7,801,245.2,99.33,2.39,59.91,51.05,70.25,130.16
Indigo Paints Ltd.,Consumer Durables,1404.5,1405,1372.7,32.3,1388,12205,16919913.55,2709,1353.6,44.45,12.79,95.17,2.48,34.95,130.12
Jubilant Foodworks Ltd.,Consumer Services,512.25,545,508.5,36.5,541.15,5437843,2894998856,918,451.2,83.37,7.02,69.64,16.62,60.47,130.1
Zensar Technolgies Ltd.,Information Technology,273.15,273.55,268.4,5.15,270,186578,50467483.22,587,246.65,12.61,11.02,117.41,8.65,12.13,129.54
IDBI Bank Ltd.,Financial Services,30.9,31,30.6,0.4,30.85,3091913,95076324.75,65.25,30.5,18.73,15.96,111.51,1.13,17.9,129.41
Aurobindo Pharma Ltd.,Healthcare,512.25,524,506.5,17.5,522.75,831959,429032936.7,1013,503.45,46.84,3.33,93.78,3.69,33.79,127.57
Godrej Properties Ltd.,Realty,1167,1233.45,1167,66.45,1226,776473,937738677.4,2598,1129.55,15.37,15.47,111.91,7.87,15.4,127.31
CSB Bank Ltd.,Financial Services,194.5,195,190,5,191.6,198621,38345770.26,374,178,44.38,2.2,95.2,7.1,31.73,126.92
HLE Glascoat Ltd.,Capital Goods,3320,3447.9,3252.4,195.5,3410,13768,46522898.08,7550,2950,5.48,4.13,121.41,13.49,5.08,126.48
Vedanta Ltd.,Metals & Mining,221.1,223.6,206,17.6,213.7,26130465,5596884298,440.75,206,15.16,30.51,106.25,3.6,19.77,126.01
Graphite India Ltd.,Capital Goods,391,393.1,383.2,9.9,388.75,176151,68404717.83,754,350,38.33,11.49,93.95,9.97,30.28,124.23
Lupin Ltd.,Healthcare,613.1,630.55,608.7,21.85,627.3,908035,561083906.9,1191.55,583,46.83,1.24,89.95,7.06,33.15,123.1
JSW Energy Ltd.,Power,204.3,207.75,199,8.75,205.3,662114,134740199,408,161.4,23.96,24.83,98.73,21.38,24.22,122.95
EPL Ltd.,Capital Goods,150.1,159.95,149.3,10.65,156.5,220028,34181349.8,291,147.15,46.73,9.19,85.94,5.97,35.47,121.41
JM Financial Ltd.,Financial Services,61.5,61.5,59.5,2,59.65,368055,22193716.5,117.7,57.1,31.13,7.02,97.32,4.27,23.9,121.21
Info Edge (India) Ltd.,Consumer Services,3771.9,3774,3606,168,3720.65,413841,1521109841,7465.4,3313,23.54,9.74,100.65,10.96,19.4,120.05
Birla Corporation Ltd.,Construction Materials,874.9,877.1,826,51.1,839.9,120235,101789748.7,1650,823,28.19,10.63,96.45,2.01,22.92,119.37
Aarti Drugs Ltd.,Healthcare,400.5,401.8,394.1,7.7,400,31782,12627306.42,749.75,378,42.92,5.1,87.44,5.5,31.57,119.01
Gujarat Gas Ltd.,Oil Gas & Consumable Fuels,419,425.95,416.7,9.25,423,1078048,455033280.3,786,403.55,36.61,25.11,85.82,4.6,33.16,118.98
MTAR Technologies Ltd.,Capital Goods,1279,1279,1238.95,40.05,1241,104163,130305829.7,2563.3,1010.95,12.78,10.9,106.55,18.54,12.22,118.77
TV18 Broadcast Ltd.,Media Entertainment & Publication,39.1,39.45,38.4,1.05,39.1,4948800,192508320,82.6,33.2,9.21,3.35,111.25,15.09,7.45,118.71
Equitas Small Finance Bank Ltd.,Financial Services,39.4,39.5,38.8,0.7,39.5,160741,6302654.61,76.8,37.45,33.08,2.95,94.43,5.19,24.04,118.47
Sudarshan Chemical Industries Ltd.,Chemicals,419.25,423.8,416.8,7,420,25363,10650684.59,794,402,38.37,8.27,89.05,4.29,29.34,118.39
Tanla Platforms Ltd.,Information Technology,998,1004,980.3,23.7,1002,160015,159008505.7,2096.75,780,0,24.38,109.26,22.16,7.31,116.57
Edelweiss Financial Services Ltd.,Financial Services,52.05,52.5,50.85,1.65,51.85,613698,31666816.8,100.9,49.4,28.75,5.76,94.6,4.73,21.85,116.45
Dalmia Bharat Ltd.,Construction Materials,1280,1337.8,1272.5,65.3,1326,197336,259368571.6,2548.4,1212.5,32.12,5.79,92.19,8.56,24.22,116.41
JK Lakshmi Cement Ltd.,Construction Materials,416.05,423.45,412,11.45,416.95,92645,38667243.65,816,366.25,27.22,5.34,95.71,12.16,20.66,116.36
TTK Prestige Ltd.,Consumer Durables,828,833.4,816.95,16.45,830,17948,14811048.56,1264.65,744.7,91.14,0.14,52.37,10.28,63.84,116.21
NATCO Pharma Ltd.,Healthcare,652,653,642.7,10.3,647,48437,31447237.88,1189,607.75,42.46,5.96,83.77,6.07,31.51,115.28
Dr. Lal Path Labs Ltd.,Healthcare,2167.95,2248,2148.45,99.55,2235.1,210696,464932328.4,4245.5,1805.55,33.98,3.63,89.95,19.22,24.88,114.82
General Insurance Corporation of India,Financial Services,114.1,116.4,114.1,2.3,115.95,90066,10390013.76,211.5,105,44.75,3.6,82.41,9.44,32.41,114.81
Gujarat Fluorochemicals Ltd.,Chemicals,2800.25,2807.4,2696.95,110.45,2755,44957,124253505.3,3198.9,1034.1,138.9,3.89,16.11,62.46,98.4,114.51
G R Infraprojects Ltd.,Construction,1105.55,1105.55,1080.3,25.25,1093,6544,7140616.48,2267.65,1078.85,0,22.37,107.47,1.29,6.71,114.18
Mangalore Refinery & Petrochemicals Ltd.,Oil Gas & Consumable Fuels,88.05,91.25,81.55,9.7,81.55,26739501,2226330853,127.65,37.05,76.61,11.65,56.53,54.57,57.12,113.65
Hindustan Copper Ltd.,Metals & Mining,86.1,88.75,85.65,3.1,88.3,2962596,258130989.5,159.4,81.2,39.56,17.13,80.52,8.04,32.83,113.35
Privi Speciality Chemicals Ltd.,Chemicals,1075.75,1076,1040,36,1072,16783,17740470.15,2249,1015.3,2,6.87,109.79,5.29,3.46,113.26
Vodafone Idea Ltd.,Telecommunication,8.35,8.6,8.2,0.4,8.5,65435996,547699286.5,16.8,4.55,15.58,12.5,97.65,46.47,14.66,112.3
Bank of India,Financial Services,44.2,45,43.9,1.1,44.9,1053018,46711878.48,80.75,40.4,43.07,7.51,79.84,10.02,32.4,112.25
HDFC Asset Management Company Ltd.,Financial Services,1782,1839,1779.7,59.3,1833.3,447884,814118746.8,3365,1690,38.56,5.51,83.55,7.82,28.65,112.19
Rallis India Ltd.,Chemicals,189,189.6,186.35,3.25,188.8,219820,41279997.8,341.85,182.5,41.94,5.77,81.06,3.34,31.09,112.15
V0Mart Retail Ltd.,Consumer Services,2497.65,2500,2425,75,2471,28139,69418913,4848.8,2406.85,11.25,24.14,96.23,2.6,15.12,111.35
Route Mobile Ltd.,Telecommunication,1242,1290,1241.05,48.95,1267,655866,830962546,2389,1052,27.88,10.73,88.56,16.97,22.74,111.29
Aegis Logistics Ltd.,Oil Gas & Consumable Fuels,208.7,212.6,205.15,7.45,211.45,247355,51731824.7,386,167.25,39.22,3.95,82.55,20.9,28.64,111.19
CESC Ltd.,Power,70.95,71.9,70.5,1.4,70.75,565200,40174416,102.45,7.23,90.75,8.72,44.81,89.78,66.14,110.95
National Aluminium Co. Ltd.,Metals & Mining,68,68.9,67,1.9,68.65,16360489,1116276164,132.7,67,12.19,28.48,93.3,2.4,17.08,110.38
NCC Ltd.,Construction,54.05,55.95,53.1,2.85,55.2,2281956,124389421.6,98.5,52.2,37.71,16.19,78.44,5.43,31.25,109.7
Kansai Nerolac Paints Ltd.,Consumer Durables,372.35,375,368.3,6.7,370.05,269671,99896925.24,675,358.15,35.59,7.42,82.41,3.22,27.14,109.55
Alkyl Amines Chemicals Ltd.,Chemicals,2525,2609.9,2506.2,103.7,2552.85,26377,67248425.27,4749,2506.2,30,7.77,86.03,1.83,23.33,109.36
UTI Asset Management Company Ltd.,Financial Services,643,643,628.05,14.95,640,46115,29270573.95,1216.2,595,24.34,5.71,90.03,7.03,18.75,108.78
Suzlon Energy Ltd.,Capital Goods,6.75,6.95,6.7,0.25,6.8,36152847,244754774.2,13.1,5.7,14.38,19.88,92.65,16.18,16.03,108.68
Delta Corp Ltd.,Consumer Services,167.05,174.55,166,8.55,172.45,10179569,1744370944,339.7,162.1,6.09,23.79,96.98,6,11.4,108.38
Happiest Minds Technologies Ltd.,Information Technology,826.4,826.4,813,13.4,816.8,227373,186004756.4,1580,785.6,17.44,8.41,93.44,3.82,14.73,108.17
Central Bank of India,Financial Services,16.9,17,16.25,0.75,16.8,891053,14978600.93,29.65,16.25,39.86,10.58,76.49,3.27,31.08,107.56
Chambal Fertilizers & Chemicals Ltd.,Chemicals,267.7,272.4,260.8,11.6,271.3,1548368,412593621,516,260.8,13.19,26.76,90.2,3.87,17.26,107.46
IDFC First Bank Ltd.,Financial Services,31.35,32.45,30.6,1.85,32.4,38981951,1227541637,56.25,28.95,41.97,13.36,73.61,10.65,33.39,107
L&T Technology Services Ltd.,Information Technology,2995,3027.2,2937,90.2,2984,364261,1087584996,5955.5,2801,4.4,13.46,99.58,6.13,7.12,106.7
Indian Overseas Bank,Financial Services,16.45,16.8,16.1,0.7,16.6,718064,11840875.36,29,15.25,41.35,10.11,74.7,8.13,31.98,106.68
Star Health and Allied Insurance Company Ltd.,Financial Services,490,490,469.05,20.95,475.9,1600279,758932315.8,940,469.05,0,28.43,97.52,1.44,8.53,106.05
Gujarat Alkalies & Chemicals Ltd.,Chemicals,683.3,692.95,664.4,28.55,689,215330,146672029.5,1044.7,401,71.35,14.21,51.63,41.8,54.21,105.83
Tata Steel Long Products Ltd.,Capital Goods,575,582.95,564.7,18.25,581,10870,6187856.2,1173,534,0,12.96,101.89,8.09,3.89,105.78
Piramal Enterprises Ltd.,Financial Services,1661.5,1682.9,1626.3,56.6,1672,536946,887040161.5,3014.95,1560.1,30.96,12.63,80.32,6.69,25.46,105.78
Sobha Ltd.,Realty,569,577.9,551.3,26.6,555,338751,191191064.4,1044.95,462,22.5,4.99,88.28,16.76,17.25,105.53
Hathway Cable & Datacom Ltd.,Media Entertainment & Publication,16.3,16.45,16.1,0.35,16.35,670321,10886013.04,28.7,14.35,37.26,10.22,75.54,12.23,29.15,104.68
The Ramco Cements Ltd.,Construction Materials,634,648.95,613.75,35.2,646,327788,209502422.3,1132.7,575.65,37.92,8.87,75.34,10.89,29.21,104.55
Rain Industries Ltd,Chemicals,145.5,149.55,144.1,5.45,148.75,946679,139067145.1,272.75,128.6,24.74,12.85,83.36,13.55,21.17,104.53
BSE Ltd.,Financial Services,594.95,604.95,586.45,18.5,600.15,778640,463088353.6,1046.67,296.33,33.71,21.03,74.4,50.62,29.91,104.31
Glenmark Pharmaceuticals Ltd.,Healthcare,385.2,395,382,13,395,398227,155165168.3,690.95,348.5,40.79,1.83,74.92,11.77,29.1,104.03
Rossari Biotech Ltd.,Chemicals,880.8,882,850.4,31.6,874.8,20002,17471947.02,1619,795.1,26.84,0.05,85.07,9.11,18.8,103.87
Vakrangee Ltd.,Information Technology,26.75,27.5,26.15,1.35,26.7,2363491,62963400.24,47.2,23.55,35.93,6.47,76.78,11.8,27.09,103.87
Allcargo Logistics Ltd.,Services,259,271.5,256,15.5,269,502907,133391052.7,412,152.5,64.5,17.76,53.16,43.31,50.48,103.64
Network18 Media & Investments Ltd.,Media Entertainment & Publication,68.2,68.75,66.5,2.25,67.45,1455769,98468215.16,117.5,46,37.86,8.61,74.2,31.8,29.09,103.29
NMDC Ltd.,Metals & Mining,107.15,110,106.35,3.65,109.85,5571985,602833057.2,186.9,101.55,41.23,14.2,70.14,7.56,33.12,103.26
K.P.R. Mill Ltd.,Textiles,516,516.4,506.5,9.9,508.5,121702,62085058.28,769,304,66.13,17.94,51.23,40.22,51.67,102.9
Bharat Dynamics Ltd.,Capital Goods,677,679.95,660.05,19.9,668,693286,462442560.6,904.9,356.85,90.32,13.07,35.46,46.58,67.15,102.61
Gujarat State Petronet Ltd.,Oil Gas & Consumable Fuels,220.4,221.95,215.55,6.4,217.95,882222,192994884.7,379.2,209.45,34.64,14.38,73.98,3.9,28.56,102.55
Bharat Heavy Electricals Ltd.,Capital Goods,44.8,45.8,44.4,1.4,45.65,11083459,499420662.5,80.35,41.4,31.43,12.21,76.01,9.31,25.66,101.68
HFCL Ltd.,Telecommunication,55.15,55.7,54.25,1.45,54.95,2275417,124943147.5,101.35,51.55,18.3,12.39,84.44,6.19,16.53,100.97
Finolex Industries Ltd.,Capital Goods,135.8,137.5,134.1,3.4,137.2,118082,16022546.58,244.5,125,25.96,13.25,78.21,8.89,22.15,100.35
J.K. Cement Ltd.,Construction Materials,2106.2,2160.9,2100,60.9,2149,128324,274755799.6,3838,2003.7,26.04,11.47,78.59,6.76,21.67,100.26
Tata Steel Ltd.,Metals & Mining,866.95,875,859.1,15.9,871.2,5476189,4746979673,1534.5,827,25.68,17.87,76.14,5.07,23.34,99.47
Bank of Maharashtra,Financial Services,15.6,15.7,15.5,0.2,15.65,892261,13910348.99,26.3,15,38.78,11.9,68.05,4.15,30.72,98.77
Hindalco Industries Ltd.,Metals & Mining,335,342.9,330.25,12.65,341.8,11278576,3788248107,636,308.95,8.98,19.86,86.07,9.61,12.24,98.32
Linde India Ltd.,Chemicals,3150,3248,3111,137,3224,40600,129405192,4190,1564.1,94.42,6.85,29.96,51.49,68.15,98.11
Gujarat Narmada Valley Fertilizers and Chemicals Ltd.,Chemicals,566,582,563.25,18.75,580.5,1199375,687769600,912,314.1,51.59,14.11,57.11,45.89,40.35,97.45
Computer Age Management Services Ltd.,Financial Services,2258.8,2258.8,2207,51.8,2230,57998,129291461.5,4067.4,2037.15,19.15,2.92,82.39,8.65,14.28,96.68
Fertilisers and Chemicals Travancore Ltd.,Chemicals,96.4,96.4,93.4,3,95,227181,21543574.23,159.9,82.35,30.17,22.51,68.32,13.32,27.87,96.19
Amara Raja Batteries Ltd.,Automobile and Auto Components,459.1,471.7,456.05,15.65,469.5,438273,202727558.9,781.6,438.05,38.43,8.69,66.47,6.7,29.51,95.98
Wipro Ltd.,Information Technology,415,423.2,411.4,11.8,422.05,4453624,1855023468,739.85,402.05,23.75,12.97,75.3,4.74,20.52,95.82
Anupam Rasayan India Ltd.,Chemicals,610,626.2,604.6,21.6,620.7,37228,22843845.36,1107.55,546.75,19.72,11.28,78.44,11.91,17.19,95.62
Nippon Life India Asset Management Ltd.,Financial Services,270.6,273.9,269.05,4.85,272,205261,55794045.02,476.45,259,25.93,4.49,75.17,4.78,19.5,94.66
Indraprastha Gas Ltd.,Oil Gas & Consumable Fuels,357.15,361.9,352.6,9.3,359.95,1103024,394121505.4,602.05,321,36.19,5.9,67.26,10.82,27.1,94.36
Tata Power Co. Ltd.,Power,202.7,207.65,200.6,7.05,207.2,15807993,3224356332,298.05,118.4,65.6,14.01,43.85,42.86,50.12,93.97
Muthoot Finance Ltd.,Financial Services,980,1048.3,977.1,71.2,1039.8,1982052,2016083833,1721.95,960.4,34.11,14.59,65.6,7.64,28.25,93.86
Amber Enterprises India Ltd.,Consumer Durables,2251,2348.2,2251,97.2,2325,85424,197744600.6,4025.95,2040,23.22,14.67,73.16,12.26,20.66,93.81
Vijaya Diagnostic Centre Ltd.,Healthcare,333.2,361,331.55,29.45,351.25,203583,71673430.98,672,295,0,8.26,91.32,16.01,2.48,93.79
Tata Communications Ltd.,Telecommunication,917.45,937.4,908.9,28.5,931,283046,261489216.6,1591.95,856.25,28.97,7.19,70.99,8.03,22.44,93.43
Larsen & Toubro Infotech Ltd.,Information Technology,3945,4015.95,3905.25,110.7,4000.65,268702,1067066695,7588.8,3733.3,2.35,6.54,89.69,6.68,3.61,93.3
Gujarat Ambuja Exports Ltd.,Fast Moving Consumer Goods,280,282.6,268.05,14.55,273.15,245672,67483641.68,394.15,150.05,62.85,15.99,44.3,45.07,48.79,93.09
Aavas Financiers Ltd.,Financial Services,1997.1,2004.05,1894.5,109.55,1943.15,150704,290772818.7,3340,1815,25.69,9.39,71.89,6.59,20.8,92.69
Tech Mahindra Ltd.,Information Technology,997,1014,989.3,24.7,1011.25,1842102,1848880935,1838,943.7,8.71,15.27,81.76,6.68,10.68,92.43
Advanced Enzyme Tech Ltd.,Fast Moving Consumer Goods,266.2,268.7,258.4,10.3,264,40076,10549606.24,435.95,258.4,35.78,7.02,65.13,2.12,27.15,92.28
Railtel Corporation Of India Ltd.,Telecommunication,91.15,91.65,90.7,0.95,91.05,162424,14801699.12,150.4,84,35.57,6.28,65.18,7.74,26.78,91.97
Shilpa Medicare Ltd.,Healthcare,389.35,398,381,17,397.75,69762,27260896.74,670.4,380,27.78,10.37,68.55,4.46,22.56,91.11
Sona BLW Precision Forgings Ltd.,Automobile and Auto Components,551.1,570,547,23,569,352045,197391631.5,839.9,333.25,61.79,0.65,47.61,41.43,43.45,91.06
Ipca Laboratories Ltd.,Healthcare,890.25,914.25,890.25,24,912,154987,140412022.5,1383.1,831.05,55.71,0.57,51.66,8.88,39.17,90.82
Clean Science and Technology Ltd.,Chemicals,1486.95,1490,1456,34,1458,77405,113280669.4,2705,1422.1,0,14.79,85.53,2.46,4.44,89.97
Nuvoco Vistas Corporation Ltd.,Construction Materials,299,307.4,292.5,14.9,305,150042,44912071.86,577.9,260.25,0,1.54,89.48,14.67,0.46,89.94
IRB Infrastructure Developers Ltd.,Construction,203,205.9,198,7.9,204,636428,128240242,345.85,148.05,25.31,8.42,69.53,27.43,20.24,89.78
Shree Cement Ltd.,Construction Materials,19050,19272,18898.85,373.15,19233.05,17699,338754081.3,31469.95,17865.2,30.89,14.05,63.62,7.11,25.84,89.46
Jindal Steel & Power Ltd.,Metals & Mining,326.2,334.6,322.05,12.55,333,4320099,1419973340,577.8,304.2,17.16,12.86,73.51,8.65,15.87,89.38
Dixon Technologies (India) Ltd.,Consumer Durables,3575,3606.75,3517,89.75,3594,157931,563530973.5,6243.6,3180.55,19.14,7.35,73.72,11.5,15.6,89.33
Balaji Amines Ltd.,Chemicals,2860,2897,2831.7,65.3,2889,21727,62488155.62,5223.55,2651,7.24,10.79,80.81,8.24,8.31,89.11
Mahindra Logistics Ltd.,Services,474,474,455,19,461,17972,8287068.92,821,391.1,14.55,2.67,78.09,15.16,10.99,89.08
Coforge Ltd.,Information Technology,3538,3538,3419.9,118.1,3495,536217,1852924654,6135,3218.1,14.87,9.52,75.54,7.92,13.27,88.8
Hindustan Zinc Ltd.,Metals & Mining,246,249,245.35,3.65,247.75,310474,76659135.34,408.6,245.1,26.51,17.15,64.92,1.07,23.7,88.63
Equitas Holdings Ltd.,Financial Services,82.4,83,81.5,1.5,82.55,198014,16282691.22,145,75,12.77,12.11,75.65,9.15,12.57,88.22
Punjab National Bank,Financial Services,29.05,29.6,28.75,0.85,29.55,17767070,518087761.2,48.2,28.05,31.44,7.5,63.11,5.08,24.26,87.37
MMTC Ltd.,Services,39.4,40.35,38.9,1.45,39.35,1476769,58435749.33,64.7,31,30.74,4.51,64.42,21.22,22.87,87.29
Quess Corp Ltd.,Services,613.5,613.5,592.1,21.4,598.5,76594,46016143.32,989.9,527.4,24.98,12.84,65.4,11.88,21.34,86.73
Macrotech Developers Ltd.,Realty,1060.05,1070.95,1045,25.95,1068.7,39067,41512984.87,1539,645,56.37,10.41,44.01,39.65,42.58,86.59
Oil India Ltd.,Oil Gas & Consumable Fuels,245.5,249.45,210.05,39.4,214.2,16490601,3699501428,306,153.1,59.99,5.47,42.86,28.52,43.63,86.49
Shyam Metalics and Energy Ltd.,Metals & Mining,282,282.45,275.7,6.75,277,62789,17444667.87,461.15,273.1,24.12,10.36,66.48,1.41,19.99,86.47
Housing & Urban Development Corporation Ltd.,Financial Services,34.8,35,34.6,0.4,34.85,544695,18949939.05,56.15,30.6,34.4,3.2,61.12,12.2,25.04,86.16
Whirlpool of India Ltd.,Consumer Durables,1552,1579.8,1538.5,41.3,1560,62441,97504743.55,2550,1365.1,30.18,4.9,63.46,12.49,22.6,86.06
FSN E0Commerce Ventures Ltd.,Consumer Services,1399.8,1420,1381.4,38.6,1405.05,143804,201378807.5,2573.7,1207.5,0,5.86,83.17,14.06,1.76,84.93
Mastek Ltd.,Information Technology,2130,2133.05,2081.3,51.75,2093,27911,58699624.1,3669,1850.7,5.34,19.45,75.3,11.58,9.57,84.87
Triveni Engineering & Industries Ltd.,Fast Moving Consumer Goods,237,237,225.7,11.3,229.7,543017,124758155.8,374.5,159.45,22.77,19.19,63.04,30.58,21.7,84.73
MindTree Ltd.,Information Technology,2874,2905.9,2810,95.9,2890.75,582730,1666776792,5060,2457.55,11.02,5.27,75.04,14.99,9.3,84.34
Bharat Petroleum Corporation Ltd.,Oil Gas & Consumable Fuels,308.5,319.25,305.7,13.55,318.5,4416695,1381939699,503,293.35,34.12,5.46,57.93,7.9,25.52,83.45
Laurus Labs Ltd.,Healthcare,464,467.1,459.5,7.6,466.8,443092,205311109.1,723.75,436.8,32.52,18.11,55.04,6.43,28.2,83.24
TCNS Clothing Co. Ltd.,Textiles,537,543.7,526.9,16.8,537,20185,10831069.15,932,494.1,8.98,10.98,73.56,7.99,9.58,83.14
Ceat Ltd.,Automobile and Auto Components,933,949,917.75,31.25,935.55,29484,27602036.28,1477.75,890,31.66,8.36,57.96,4.87,24.67,82.63
Jubilant Ingrevia Ltd.,Chemicals,485.5,490.85,473.05,17.8,476,163007,78083613.14,838.75,401.2,7.18,4,76.21,15.71,6.23,82.43
Medplus Health Services Ltd.,Consumer Services,770,770,750,20,750.1,10669,8052107.68,1343,708,0,11.22,79.04,5.61,3.37,82.41
Glenmark Life Sciences Ltd.,Healthcare,441,444.5,440,4.5,441.8,15000,6619500,799,410,0,4.96,80.85,7.2,1.49,82.34
Bajaj Finserv Ltd.,Financial Services,10920,11343,10727.2,615.8,11315,408983,4572364503,19325,10727.2,9.72,15.48,70.79,5.19,11.45,82.24
Deepak Nitrite Ltd.,Chemicals,1741,1755.95,1681.15,74.8,1726.2,894640,1526175322,3020,1681.15,3.99,13.05,74.95,2.61,6.71,81.66
Finolex Cables Ltd.,Capital Goods,374,381.95,371.35,10.6,376.3,49522,18673755.76,608.6,343.5,27.61,1.51,61.73,8.72,19.78,81.51
Gland Pharma Ltd.,Healthcare,2710,2710,2637.4,72.6,2641,129469,344517009,4350,2495.15,21.1,5.57,64.71,5.52,16.44,81.15
Zydus Lifesciences Ltd.,Healthcare,356.9,364.05,354.3,9.75,364,862373,310014469.8,651.9,319,0,5.64,79.09,12.36,1.69,80.79
Mahanagar Gas Ltd.,Oil Gas & Consumable Fuels,760.55,771,757.05,13.95,770.7,170132,130261565.8,1212,665.8,33.08,0.56,57.26,13.61,23.32,80.58
Zee Entertainment Enterprises Ltd.,Media Entertainment & Publication,213,215.85,210.6,5.25,215.5,4131369,880807870.8,378.7,166.8,0.3,15.33,75.73,22.6,4.81,80.54
FDC Ltd.,Healthcare,239.8,255,233.45,21.55,248,40209,9696400.35,388.7,225,32.58,3.01,56.73,9.27,23.71,80.44
Hitachi Energy India Ltd.,Capital Goods,3168.3,3175,3092,83,3100,17764,55873997.4,4042.6,1741,66.73,10.72,30.41,43.84,49.93,80.33
Oracle Financial Services Software Ltd.,Information Technology,3090.25,3123.9,3044.25,79.65,3064.05,61691,188830598.8,5145,2950,15.15,5.94,67.92,3.72,12.39,80.3
Easy Trip Planners Ltd.,Consumer Services,392.2,402.9,390.4,12.5,400.95,1105653,441277168.8,717.65,261,0.66,2.78,78.99,34.9,1.3,80.28
Cyient Ltd.,Information Technology,760.45,766.35,749.1,17.25,756.85,196910,149269594.6,1292,720,11.98,3.41,70.71,4.87,9.41,80.12
Can Fin Homes Ltd.,Financial Services,427.85,443.4,424.7,18.7,441.45,663285,290260148.9,722,406.65,18.57,11.86,63.55,7.88,16.56,80.11
Sterling and Wilson Renewable Energy Ltd.,Construction,294.8,300,290.1,9.9,298.5,97483,28705819.01,509.1,248.1,9.02,9.71,70.55,16.88,9.23,79.78
Aditya Birla Sun Life AMC Ltd.,Financial Services,400.05,406.7,400,6.7,405.9,34489,13901826.12,722.9,375,0,5.09,78.1,7.61,1.53,79.63
Avenue Supermarts Ltd.,Consumer Services,3394.45,3406.65,3331.1,75.55,3395,311228,1049656890,5900,3186,1.85,14.26,73.78,6.16,5.57,79.36
SRF Ltd.,Chemicals,2230,2239.75,2133.05,106.7,2161.4,809031,1754035840,2773.35,1418.8,69.04,8.6,28.31,34.36,50.91,79.22
Sun Pharma Advanced Research Company Ltd.,Healthcare,209.1,209.7,202.35,7.35,204,145955,29906179.5,349,170.45,8.99,5.94,71.08,16.45,8.08,79.15
Tata Elxsi Ltd.,Information Technology,8170.55,8239,8022,217,8155.15,270194,2196669114,9420,4033.1,89.82,2.51,15.51,50.55,63.63,79.14
Shipping Corporation of India Ltd.,Services,97.25,98,95.75,2.25,96.85,367655,35618416.4,160.2,85.6,11.79,17.42,65.41,11.62,13.48,78.89
Redington (India) Ltd.,Services,125,128,122.6,5.4,127.4,1081859,135340560.9,179.2,109.4,53.05,3.42,40.66,14.13,38.16,78.82
Varroc Engineering Ltd.,Automobile and Auto Components,300.5,307.45,295.1,12.35,305.1,134195,40414166.2,493.85,260,18.37,12.87,61.86,14.78,16.72,78.58
PNC Infratech Ltd.,Construction,243,243,236.05,6.95,237.65,90779,21687103.1,395.9,219,16.05,1.16,66.59,7.85,11.58,78.17
Sundaram Finance Ltd.,Financial Services,1735.25,1799,1735.25,63.75,1798.5,6156,10914464.88,2729,1555,34.14,8.31,51.74,13.54,26.39,78.13
Multi Commodity Exchange of India Ltd.,Financial Services,1305.95,1324.45,1275.5,48.95,1282.95,433916,564494341.9,2135,1143,14.04,4.64,66.41,10.91,11.22,77.63
Restaurant Brands Asia Ltd.,Consumer Services,112,113.05,108.85,4.2,109.7,978252,108732709.8,189.7,86.5,0,14.2,72.93,21.15,4.26,77.19
India Cements Ltd.,Construction Materials,156.5,161.8,154.65,7.15,160.55,2206090,350724188.2,259.95,145.45,18.47,7.45,61.91,9.41,15.16,77.08
Hatsun Agro Product Ltd.,Fast Moving Consumer Goods,874.7,886.25,869.75,16.5,875,88204,77170561.64,1525.95,837.6,1.4,4.76,74.39,4.27,2.41,76.8
Teamlease Services Ltd.,Services,3252,3358,3203.6,154.4,3300,17375,57512466.25,5550,2910,10.54,1.99,68.18,11.82,7.98,76.16
Birlasoft Ltd.,Information Technology,353.7,357.1,343.55,13.55,352.1,1752456,612360700.1,585.85,316.45,11.6,4.68,66.39,10.12,9.52,75.91
Hindustan Petroleum Corporation Ltd.,Oil Gas & Consumable Fuels,218,229,216.2,12.8,227.5,8196598,1840464115,354.8,206.5,25.92,4.65,55.96,9.23,19.54,75.5
Gujarat Pipavav Port Ltd.,Services,75.95,78.5,74.5,4,78.25,679600,51744744,119,70.3,31.62,3.99,52.08,10.16,23.33,75.41
Hemisphere Properties India Ltd.,Realty,105.85,106,102.75,3.25,105,462015,48266707.05,165.9,95,23.67,2.43,58,9.52,17.3,75.3
Godrej Industries Ltd.,Fast Moving Consumer Goods,433.85,435.65,424,11.65,426,59044,25182856.44,662,405,24.07,9.29,55.4,4.93,19.64,75.04
Aditya Birla Capital Ltd.,Financial Services,89,90.6,88.35,2.25,90.25,2401323,215182554,139.2,85.6,23.75,11.57,54.24,5.15,20.1,74.33
RattanIndia Enterprises Ltd.,Services,43,43.2,41.2,2,41.75,622861,26029361.19,71,30.5,0,13.91,70.06,26.95,4.17,74.23
Elgi Equipments Ltd.,Capital Goods,351.5,362.4,344.35,18.05,347,204302,71922476.08,422.3,191.3,73.27,4.11,21.7,44.87,52.52,74.22
Chemplast Sanmar Ltd.,Chemicals,469.8,479,460.8,18.2,476.25,98313,46324102.47,826,382.7,0,2.52,73.44,19.64,0.76,74.19
IndusInd Bank Ltd.,Financial Services,793,810,783,27,808,2796110,2241976920,1242,763.2,21.84,14.66,53.71,5.54,19.69,73.4
Fine Organic Industries Ltd.,Chemicals,4804.45,4898.35,4780,118.35,4840,25788,124989020.5,6139.9,2734.55,65.76,1.46,26.86,43.5,46.47,73.33
Berger Paints India Ltd.,Consumer Durables,570.45,583.95,563.75,20.2,583,1316578,757664307.4,872.95,543.6,29.41,7.58,49.73,6.76,22.86,72.6
Rajesh Exports Ltd.,Consumer Durables,622,630.85,615,15.85,621,128888,79999492.72,994.7,518.5,10.77,15.46,60.18,16.51,12.18,72.35
AU Small Finance Bank Ltd.,Financial Services,586,587.3,563.3,24,580,2741511,1574011126,732.98,462.5,42.88,52.72,26.38,20.26,45.83,72.21
MphasiS Ltd.,Information Technology,2279.2,2299.45,2220.1,79.35,2239.9,332856,746179938,3659.75,2076.05,7.49,11.55,63.39,7.32,8.71,72.1
Tata Motors Ltd DVR,Automobile and Auto Components,197.7,198.65,192,6.65,198.25,1610634,314927266,298.65,129.15,27.45,7.16,50.64,34.85,21.36,72.01
Pfizer Ltd.,Healthcare,4105,4117.95,4077.5,40.45,4103,4025,16489096.75,6175,4060,28.05,5.39,50.5,1.05,21.25,71.75
Angel One Ltd.,Financial Services,1202,1228,1185,43,1216.05,414524,499671374.8,2022,839.05,0,18.25,66.28,31,5.48,71.75
Polyplex Corporation Ltd.,Capital Goods,2204,2248.65,2167.95,80.7,2236,146621,324750852.9,2870.2,1325.45,58.75,6.98,28.36,40.72,43.22,71.58
Bombay Burmah Trading Corporation Ltd.,Fast Moving Consumer Goods,891,924,891,33,924,20192,18467603.2,1353.15,839.9,31.75,9.45,46.44,9.1,25.06,71.5
Solar Industries India Ltd.,Chemicals,2725.2,2769.95,2702.2,67.75,2715,53477,145652096.3,3189.95,1550,73.21,4.78,17.49,42.91,52.68,70.17
Central Depository Services (India) Ltd.,Financial Services,1111.4,1117.7,1096,21.7,1105,208635,230664769.7,1734.4,974,13.88,11.38,56.96,11.86,13.13,70.09
Sheela Foam Ltd.,Consumer Durables,2649,2679,2612,67,2651,3071,8128230.67,4055,2185.6,19.27,11.46,52.96,17.56,16.93,69.89
ICICI Lombard General Insurance Company Ltd.,Financial Services,1120,1150,1105.85,44.15,1144,228217,258033551.1,1675,1071,28.47,11.45,46.42,6.38,23.36,69.78
Prestige Estates Projects Ltd.,Realty,385,391.75,381.1,10.65,387.4,209983,81070236.64,554.9,284,33.71,9.79,43.24,26.69,26.53,69.77
Century Plyboards (India) Ltd.,Consumer Durables,526,526.35,511.05,15.3,512.1,35943,18514598.73,749,341.8,29.95,8.41,46.26,33.26,23.49,69.75
TCI Express Ltd.,Services,1580,1624.85,1580,44.85,1590.25,31026,49884223.32,2572,1280,10.8,1.5,61.74,19.51,8.01,69.75
Zydus Wellness Ltd.,Fast Moving Consumer Goods,1635,1635,1605,30,1627,10803,17495674.56,2476.85,1430,22.08,6.25,52.23,12.11,17.33,69.57
Avanti Feeds Ltd.,Fast Moving Consumer Goods,432.85,436.5,425,11.5,436,142890,61885659,674.85,384.2,20.7,0.87,54.78,11.88,14.75,69.53
Indus Towers Ltd.,Telecommunication,210,210.9,204.5,6.4,208.35,2187045,453177594.5,332.8,181.2,12.38,3.62,59.73,13.03,9.75,69.48
Union Bank of India,Financial Services,34.4,34.65,34,0.65,34.55,2376699,81520775.7,54.8,32.7,11.15,9.51,58.61,5.35,10.66,69.27
Triveni Turbine Ltd.,Capital Goods,154.15,157.65,154.05,3.6,156.6,126459,19678284.99,231.7,107.1,26.8,8.19,47.96,31.61,21.22,69.17
IRCON International Ltd.,Construction,35.95,36.2,35.8,0.4,36.15,190000,6838100,53.4,34.8,26.13,9.99,47.72,3.73,21.29,69.01
Oil & Natural Gas Corporation Ltd.,Oil Gas & Consumable Fuels,148.95,151.15,130,21.15,131.4,125788305,17143688088,194.95,108.5,28.76,0.2,48.36,17.43,20.19,68.56
Gujarat State Fertilizers & Chemicals Ltd.,Chemicals,131.3,131.8,127.1,4.7,130.6,1507206,194535078.4,198.8,98.1,14.09,20.82,52.22,24.89,16.11,68.33
APL Apollo Tubes Ltd.,Capital Goods,843.9,855,836,19,845.1,165325,139906281.3,1114.55,718.08,47.83,9.31,31.88,15.03,36.27,68.16
Brigade Enterprises Ltd.,Realty,439,447.45,436.05,11.4,443.5,140806,62332000.08,554.7,268.7,58.88,4.36,25.07,39.41,42.52,67.6
V.I.P. Industries Ltd.,Consumer Durables,626.5,631.8,606.4,25.4,618.9,125113,77473722.99,774.6,374,56.41,8.04,25.16,39.57,41.9,67.06
Supreme Industries Ltd.,Capital Goods,1760.05,1780,1752.45,27.55,1761,10943,19356306.69,2693.9,1666.25,18.37,3.82,52.98,5.38,14.01,66.98
LIC Housing Finance Ltd.,Financial Services,326.9,339.25,319.9,19.35,337,2366258,784012263.1,476.55,291.75,30.35,13.4,41.41,13.43,25.27,66.67
Sunteck Realty Ltd.,Realty,498.3,514,491.55,22.45,511,1770328,895184056.5,589.9,292.05,68.87,9.73,15.44,42.85,51.13,66.57
Poly Medicure Ltd.,Healthcare,750.9,769.15,729.4,39.75,738.95,23654,17687988.12,1094.25,651.1,26.14,0.14,48.08,11.89,18.34,66.42
Bajaj Holdings & Investment Ltd.,Financial Services,4534.9,4655,4511,144,4570,59937,275246887,6598,3586,26.86,10.33,44.38,21.53,21.9,66.28
Alok Industries Ltd.,Textiles,22.3,22.3,21.5,0.8,21.55,1040692,22645457.92,35.8,18.85,0,0,66.13,12.53,0,66.13
SBI Cards and Payment Services Ltd.,Financial Services,767.8,777.55,763.75,13.8,771.85,1073345,829083878.4,1165,655.7,20.83,1.51,50.94,15.05,15.03,65.97
Hindustan Aeronautics Ltd.,Capital Goods,1763,1779.7,1727.4,52.3,1737.7,430150,750263328.5,1972.55,1010,73.2,3.73,13.51,41.88,52.36,65.87
Astral Ltd.,Capital Goods,1651,1664.95,1639.9,25.05,1657,125312,207061789.4,2524.95,1581.55,16.79,4.3,52.38,4.55,13.04,65.42
MOIL Ltd.,Metals & Mining,141.6,142.9,140.7,2.2,141.85,95406,13533341.1,201.9,137.3,27.13,13.01,42.33,3.21,22.89,65.23
Castrol India Ltd.,Oil Gas & Consumable Fuels,103.3,104.15,102.75,1.4,104,228227,23644317.2,150,99.05,27.81,4.97,44.23,4.76,20.96,65.19
UCO Bank,Financial Services,11,11.2,10.75,0.45,11.05,1157345,12707648.1,15.9,10.55,27.96,5.6,43.89,4.52,21.25,65.14
ITI Ltd.,Telecommunication,100.65,103,97.15,5.85,98.8,1243276,124091377.6,143.8,81,23.43,9.58,45.55,18.02,19.28,64.82
Godrej Agrovet Ltd.,Fast Moving Consumer Goods,503.85,507.65,500.6,7.05,502,22224,11190895.2,746.8,441,20.06,5.71,48.76,12.15,15.76,64.52
Sonata Software Ltd.,Information Technology,669.45,671.95,655,16.95,655,57392,38285055.36,1024.9,610.1,10.36,2.29,56.47,6.85,7.94,64.41
Minda Industries Ltd.,Automobile and Auto Components,925,947,900,47,943.7,178456,167143674.2,1257.4,629.15,44.15,0.09,33.24,33.33,30.93,64.17
Emami Ltd.,Fast Moving Consumer Goods,417.2,429.6,415.35,14.25,424.95,102892,43498621.92,621.8,393.4,25,0.94,46.32,7.42,17.78,64.11
Prince Pipes and Fittings Ltd.,Capital Goods,593.15,603,590.15,12.85,594.5,51385,30605933.7,897,549.3,16.74,4.99,50.88,7.6,13.22,64.1
Canara Bank,Financial Services,181.65,185.7,178.45,7.25,185.5,5768579,1048958405,272.8,142.1,19.36,11.59,47.06,23.4,17.03,64.09
Persistent Systems Ltd.,Information Technology,3385,3422.25,3270.05,152.2,3329,234003,777882132.7,4987.5,2725.05,15.75,9.52,49.82,18.14,13.88,63.7
Crompton Greaves Consumer Electricals Ltd.,Consumer Durables,339.95,351.1,337.1,14,349.8,517467,179317839.5,512.8,312,21.73,5.89,46.6,10.81,16.98,63.58
Exide Industries Ltd.,Automobile and Auto Components,137.5,141.95,136.8,5.15,141.95,854228,119053756.4,204.9,130.25,24.43,5.91,44.35,8.24,18.87,63.22
KEI Industries Ltd.,Capital Goods,1152.55,1208,1152.5,55.5,1200,340326,406628311.3,1377.35,687.5,66.21,6.77,14.78,42.71,48.38,63.16
Cera Sanitaryware Ltd,Consumer Durables,4141.7,4160,4085.9,74.1,4111.25,2801,11566421.39,6450,3515,7.85,1.61,56.89,14.5,5.98,62.86
Engineers India Ltd.,Construction,57,58.95,56.6,2.35,58.8,751759,43752373.8,82.5,56,28.39,8.51,40.31,4.76,22.43,62.73
Apollo Hospitals Enterprise Ltd.,Healthcare,3680,3745,3635.2,109.8,3732,316894,1169161399,5935.4,3361.55,1.76,7.43,59.04,9.93,3.46,62.5
Sun TV Network Ltd.,Media Entertainment & Publication,413.8,425.7,411.85,13.85,423.5,2838077,1191935578,612,402.55,22.12,7.4,44.51,4.95,17.7,62.21
IFB Industries Ltd.,Consumer Durables,903,903,885.8,17.2,894.9,6449,5766953.76,1365.85,800,11.98,3.77,52.63,10.6,9.52,62.14
Max Financial Services Ltd.,Financial Services,782.35,808.4,772.15,36.25,802.2,320516,254855092.2,1148.05,696.5,26.22,1.55,43.11,13.18,18.82,61.93
L&T Finance Holdings Ltd.,Financial Services,67,68.95,66.3,2.65,68.8,3855009,260752808.8,95.95,58.5,27.23,10.82,39.46,14.97,22.31,61.77
Indian Hotels Co. Ltd.,Consumer Services,222.1,228.1,220.4,7.7,226.3,3902317,873104405.6,268.95,129.17,59.17,4.19,18.85,42.92,42.68,61.52
Relaxo Footwears Ltd.,Consumer Durables,961,979,960.1,18.9,970.45,41820,40657822.2,1448,925,16.33,2.75,49.21,4.68,12.26,61.47
KRBL Ltd.,Fast Moving Consumer Goods,217,218.8,215.3,3.5,216.7,62909,13657543.9,337.95,184.5,7.49,0.86,55.95,14.86,5.5,61.45
Divi's Laboratories Ltd.,Healthcare,3590.35,3649.6,3581.05,68.55,3647,304397,1099975087,5425.1,3365.55,17.65,1.09,48.76,7.72,12.68,61.44
Radico Khaitan Ltd,Fast Moving Consumer Goods,872,898.9,860.25,38.65,871.85,257073,226039147.4,1294,723.2,14.94,8.47,48.42,17.05,13,61.42
Prism Johnson Ltd.,Construction Materials,107.95,108.45,106.1,2.35,107.5,24056,2587222.8,160,96.65,17.34,0,48.84,10.09,12.14,60.98
Tube Investments of India Ltd.,Automobile and Auto Components,1803.7,1835,1751,84,1758,88311,157356955.4,2025,1081.05,57.56,17.25,15.19,38.51,45.47,60.65
Asahi India Glass Ltd.,Automobile and Auto Components,536.8,549,530.25,18.75,548,261012,140842075.2,612.9,324.65,60.43,20.85,11.84,40.76,48.56,60.4
ICICI Prudential Life Insurance Company Ltd.,Financial Services,489,502.45,484.2,18.25,501.75,757837,374288115.9,724.3,430,20.19,6.25,44.35,14.3,16.01,60.36
Power Finance Corporation Ltd.,Financial Services,104.3,106.1,103.2,2.9,105.9,2843672,298670870.2,153.75,97.1,18.91,6.2,45.18,8.31,15.1,60.28
Motilal Oswal Financial Services Ltd.,Financial Services,754.1,766,745,21,753.3,27524,20773739,1188,714,2.22,3.33,57.71,5.22,2.55,60.26
Intellect Design Arena Ltd.,Information Technology,635.6,659,623.35,35.65,658.95,329488,211271000.5,986.65,562.65,12.51,5.89,49.73,14.61,10.52,60.25
Procter & Gamble Health Ltd.,Healthcare,4192,4194.25,4102.1,92.15,4111,3956,16433184.44,5851.75,3901.05,24.49,1.82,42.34,5.11,17.69,60.03
UltraTech Cement Ltd.,Construction Materials,5600,5699.75,5485,214.75,5690,329610,1855160444,8269,5157.05,17.25,7.81,45.33,9.37,14.42,59.74
Rail Vikas Nigam Ltd.,Construction,30.1,30.25,29.8,0.45,30,763473,22896555.27,44.8,27.5,10.98,7.41,49.33,8.33,9.91,59.24
Max Healthcare Institute Ltd.,Healthcare,364.6,367.05,357,10.05,360.05,326670,118052004.6,458.05,250.6,44.18,3.52,27.22,30.4,31.98,59.2
JK Paper Ltd.,Forest Materials,298,309.75,297.05,12.7,303.25,2270069,691690024.3,387.4,191.25,39.55,12.06,27.75,36.93,31.3,59.05
Indian Oil Corporation Ltd.,Oil Gas & Consumable Fuels,75,75.15,72.85,2.3,74.7,22029311,1629728428,94.33,67.7,31.19,35.99,26.28,9.37,32.63,58.91
Orient Electric Ltd.,Consumer Durables,272.3,274.95,265.1,9.85,274.3,43089,11637477.12,408,244,13.24,2.79,48.74,11.05,10.11,58.85
Carborundum Universal Ltd.,Capital Goods,715,721.55,698.35,23.2,710,117136,82768297.6,1035,590.55,18.25,0.5,45.77,16.82,12.93,58.7
Sanofi India Ltd.,Healthcare,6415,6435.05,6333,102.05,6376.85,11452,72904577.2,9285,6333,16.1,5.92,45.6,0.69,13.05,58.65
Granules India Ltd.,Healthcare,272.1,279.75,268.9,10.85,278.2,879548,242684884.2,404.8,226.95,18.14,0.85,45.51,18.42,12.95,58.46
Saregama India Ltd,Media Entertainment & Publication,362.9,368.95,353.65,15.3,359.95,120158,43447931.22,550.59,295.3,0,16.26,52.96,17.96,4.88,57.84
Chalet Hotels Ltd.,Consumer Services,314.8,331.8,310.05,21.75,327.15,866335,280848480.3,332.7,159.05,77.57,5.92,1.7,51.38,56.08,57.77
Lakshmi Machine Works Ltd.,Capital Goods,9050,9068,8876,192,9068,1507,13561553.28,11790,6499.95,37.88,3.93,30.02,28.32,27.7,57.71
Alembic Pharmaceuticals Ltd.,Healthcare,727.75,731.6,717,14.6,729.9,63552,46195948.8,1016.7,678.3,26.01,0.51,39.29,7.07,18.36,57.65
eClerx Services Ltd.,Services,1920.25,1920.25,1888.8,31.45,1905.2,12475,23805543.5,2970,1755.65,0,5.53,55.89,7.85,1.66,57.55
Honeywell Automation India Ltd.,Capital Goods,34069.8,34069.8,33133.65,936.15,33244.05,1860,62036431.2,47275.95,30185.35,19.23,4.96,42.21,9.2,14.95,57.16
Oberoi Realty Ltd.,Realty,734.35,751,731.35,19.65,740.25,563385,418724633.6,1051.9,605.5,17.14,8.45,42.1,18.2,14.53,56.63
Tata Chemicals Ltd.,Chemicals,791,804.9,773.35,31.55,800,770388,605756084.4,1158,719.3,9.61,16.36,44.75,10.09,11.64,56.39
Adani Green Energy Ltd.,Power,1928,1978.9,1902,76.9,1963.25,1206875,2344656406,3050,874.8,0,2.15,55.35,55.44,0.65,56
Shriram City Union Finance Ltd.,Financial Services,1660.55,1707.05,1657.25,49.8,1705.9,35205,59115883.95,2602,1416.05,3.06,3.26,52.53,16.99,3.12,55.65
AstraZenca Pharma India Ltd.,Healthcare,2700,2727,2664,63,2724,4613,12434526.02,3675,2445.7,25.09,10.05,34.91,10.22,20.58,55.49
NLC India Ltd.,Power,63.6,64.25,61.6,2.65,62.75,2402689,150240143.2,92.4,49.8,4.26,15.64,47.25,20.64,7.67,54.92
Welspun Corp Ltd.,Capital Goods,217,221.55,213.1,8.45,214.65,880477,190852194.5,250.65,105.85,52.94,3.29,16.77,50.69,38.05,54.82
Timken India Ltd.,Capital Goods,2385,2484.75,2385,99.75,2476,102059,249572016.8,2730,1450,61.79,4.26,10.26,41.44,44.53,54.79
Godrej Consumer Products Ltd.,Fast Moving Consumer Goods,757.05,785,750.55,34.45,782.95,743399,571740736.9,1138,660.05,12.95,1.23,45.35,15.7,9.43,54.78
Symphony Ltd.,Consumer Durables,876.95,879.5,855.05,24.45,865.5,180991,156613322.2,1215,828,14.78,12.71,40.38,4.33,14.16,54.54
Titan Company Ltd.,Consumer Durables,1895,1954.35,1825.05,129.3,1944.75,4064801,7729950766,2768,1662.5,12.05,12.4,42.33,14.51,12.16,54.49
Grasim Industries Ltd.,Construction Materials,1320,1350,1305.3,44.7,1345.7,516506,686565600.5,1929.8,1276.6,11.88,7.55,43.4,5.13,10.58,53.99
Suprajit Engineering Ltd.,Automobile and Auto Components,330.05,339.75,326,13.75,337.25,108993,36269600.61,474.9,272.05,17.81,1.79,40.82,19.33,13,53.82
Bajaj Finance Ltd.,Financial Services,5364,5633.95,5335.05,298.9,5617.95,1221890,6717694623,8050,5220,10.23,11.21,43.29,7.08,10.52,53.81
Bajaj Electricals Ltd,Consumer Durables,1021,1048,1000.2,47.8,1042,326410,335030488.1,1588.95,858.55,0.29,3.41,52.49,17.61,1.23,53.72
Inox Leisure Ltd.,Media Entertainment & Publication,509.1,525,503,22,523.2,441730,226943204.8,563.6,291,64.71,0.98,7.72,44.38,45.59,53.31
Rashtriya Chemicals & Fertilizers Ltd.,Chemicals,77.95,78.7,76.1,2.6,78.7,1110880,86082091.2,112.65,66,6.52,18.34,43.14,16.14,10.07,53.2
HDFC Life Insurance Company Ltd.,Financial Services,549.95,567.3,540.55,26.75,567,2052291,1143741774,775.65,497.05,19.86,8.17,36.8,12.34,16.35,53.15
Home First Finance Company India Ltd.,Financial Services,746.95,748,726.05,21.95,733.95,37017,27411828.84,921.3,525.05,37.4,4.41,25.53,28.46,27.5,53.03
Kalyan Jewellers India Ltd.,Consumer Durables,58.5,61.8,58.05,3.75,61.3,501257,30220784.53,83.6,55.05,23.45,0.42,36.38,10.2,16.54,52.92
Poonawalla Fincorp Ltd.,Financial Services,227.5,232,224.1,7.9,230.45,2033688,465165456.2,343.8,140.75,0,12.24,49.19,38.92,3.67,52.86
Endurance Technologies Ltd.,Automobile and Auto Components,1418.8,1419,1396.85,22.15,1410,140419,197643955.1,1989,1047.2,13.14,7.94,41.06,25.73,11.58,52.64
UPL Ltd.,Chemicals,630,646,621.95,24.05,642.85,3575548,2276015079,852.4,607.5,20.24,18.88,32.6,5.5,19.83,52.43
InterGlobe Aviation Ltd.,Services,1610.55,1667,1591.6,75.4,1651.8,692564,1130735392,2380,1511.75,6.45,12.64,44.09,8.48,8.31,52.39
Kec International Ltd.,Capital Goods,393.15,393.15,384.1,9.05,386.1,149531,57938776.57,550,345.5,13.59,1.22,42.45,10.52,9.88,52.33
City Union Bank Ltd.,Financial Services,133,137,130.95,6.05,134.55,1461281,195154077.6,183.95,109,20.14,5.03,36.71,18.99,15.61,52.32
Indoco Remedies Ltd.,Healthcare,368.25,372.95,365.65,7.3,370,21554,7949977.36,530.25,322.7,11.06,3.94,43.31,12.78,8.92,52.23
Biocon Ltd.,Healthcare,308.75,312,305,7,311.3,1136834,351054339.2,414.4,305,23.75,7.69,33.12,2.02,18.93,52.05
Bandhan Bank Ltd.,Financial Services,262.5,266,259.05,6.95,265,5414612,1423501495,349.55,229.55,20.21,19.16,31.91,13.38,19.9,51.8
Shree Renuka Sugars Ltd.,Fast Moving Consumer Goods,46.5,46.5,45.1,1.4,45.6,8262303,377752493.2,63.2,21.5,17.92,1.07,38.6,52.85,12.87,51.46
Kalpataru Power Transmission Ltd.,Construction,354,358.75,353.15,5.6,354.85,17142,6076667.58,496,331.8,16.23,1.07,39.78,6.5,11.68,51.46
Caplin Point Laboratories Ltd.,Healthcare,704,714.15,704,10.15,711.25,26432,18764605.44,1034.8,626,6.49,4.28,45.49,11.99,5.83,51.32
KNR Constructions Ltd.,Construction,230.5,236.15,228.75,7.4,235.7,58500,13689585,343.9,207.5,2.31,10.37,45.91,11.96,4.73,50.63
GMR Infrastructure Ltd.,Services,34,34.75,33.6,1.15,34.5,4338629,148337725.5,49.15,27.35,7.23,10.26,42.46,20.72,8.14,50.6
BASF India Ltd.,Chemicals,2727,2759.95,2626.95,133,2720,19400,52420740,3930,2351,4.97,6.81,44.49,13.57,5.52,50.01
DLF Ltd.,Realty,310.4,324.4,309.45,14.95,323,5557896,1764076190,449.7,279.45,11.24,9.51,39.23,13.48,10.72,49.95
Balrampur Chini Mills Ltd.,Fast Moving Consumer Goods,360,362.5,354.65,7.85,360.7,1214196,435192130.3,525.9,297.6,1.05,11.1,45.8,17.49,4.07,49.86
Affle (India) Ltd.,Information Technology,1060,1060.3,1004.65,55.65,1010,241660,246983769.8,1511,763.02,0,0.78,49.6,24.45,0.23,49.84
Krishna Institute of Medical Sciences Ltd.,Healthcare,1182,1233.45,1167,66.45,1210,44951,54397452.65,1565,937.55,25.08,9.68,29.34,22.52,20.46,49.8
JSW Steel Ltd.,Metals & Mining,556.55,580.5,556.55,23.95,577.5,3737790,2128073359,790,520.05,17.46,2.4,36.8,9.95,12.94,49.74
Apollo Tyres Ltd.,Automobile and Auto Components,185.7,190,184.3,5.7,188.9,1276512,238682213.8,250,165.25,17.73,15.23,32.35,12.52,16.98,49.33
Kajaria Ceramics Ltd.,Consumer Durables,947.7,965,937.2,27.8,952,72125,68652902.5,1374.9,885.3,3.29,8.24,44.42,7.01,4.78,49.2
Century Textile & Industries Ltd.,Forest Materials,808,817.95,797,20.95,806.5,156605,126723200,1024,607.7,30.97,0.98,26.97,24.65,21.97,48.94
Indian Railway Finance Corporation Ltd.,Financial Services,19.7,20.05,19.6,0.45,20,2510750,49687742.5,26.4,19.3,20.93,7.31,32,3.5,16.84,48.84
Aster DM Healthcare Ltd.,Healthcare,179.55,179.55,174.3,5.25,176,92393,16259320.14,237,148.4,15.55,10.84,34.66,15.68,14.14,48.8
Blue Star Ltd.,Consumer Durables,892.1,903.75,885.35,18.4,890.9,42446,38077882.14,1225,758,10.75,11.78,37.5,14.92,11.06,48.56
Escorts Kubota Ltd.,Capital Goods,1449.95,1471.7,1424.55,47.15,1467.2,489734,708072109.2,1934,1128,18.42,11.36,31.82,23.12,16.3,48.12
PI Industries Ltd.,Chemicals,2559.5,2590.25,2511.95,78.3,2576.1,79059,202265336.2,3534.9,2333.55,12.06,7.21,37.22,9.42,10.61,47.82
Housing Development Finance Corporation Ltd.,Financial Services,2155,2224.05,2133.1,90.95,2205.3,2776869,6047243159,3021.1,2026,12.3,5.89,36.99,8.13,10.38,47.37
RITES Ltd.,Construction,234,235.15,232.25,2.9,234.95,29804,6981288.96,317.9,226.2,14.96,4.78,35.31,3.72,11.91,47.21
Axis Bank Ltd.,Financial Services,633,646.6,631.8,14.8,644,6549359,4191262292,866.9,618.25,14.9,7.06,34.61,4,12.55,47.16
REC Ltd.,Financial Services,122.8,126,120.1,5.9,125.75,19076925,2358671007,168.85,109.65,16.69,3.86,34.27,12.8,12.84,47.12
Tata Motors Ltd.,Automobile and Auto Components,410.65,414.6,402.3,12.3,413.7,14725989,5997895320,536.7,268.45,21.26,7.16,29.73,35.11,17.03,46.76
Havells India Ltd.,Consumer Durables,1099.85,1120,1092.25,27.75,1111.65,1848135,2049858935,1504.45,978,12.04,8.62,35.33,12.02,11.01,46.35
Karur Vysya Bank Ltd.,Financial Services,44.95,44.95,43.7,1.25,44.25,1017461,45022649.25,60.7,38.4,13.06,0,37.18,13.22,9.14,46.32
Voltas Ltd.,Consumer Durables,949.8,969.65,938.1,31.55,959,1129398,1079952956,1356.9,922.55,4.9,4.48,41.49,3.8,4.77,46.27
Tata Investment Corporation Ltd.,Financial Services,1343.5,1343.5,1331,12.5,1340,8592,11485270.08,1733.9,1118,18.73,12.22,29.4,16.57,16.78,46.17
Ratnamani Metals & Tubes Ltd.,Capital Goods,1634.05,1659.7,1553.55,106.15,1580,107552,170150490.6,1913.7,1237.07,19.33,37.18,21.12,21.7,24.69,45.81
EIH Ltd.,Consumer Services,124.4,127.95,124.2,3.75,126.9,162116,20512537.48,171.75,100,11.57,7.58,35.34,21.2,10.37,45.72
Thermax Ltd.,Capital Goods,2060,2079.95,2022.35,57.6,2036.25,30977,63452667.26,2347,1286.95,41.28,5.16,15.26,36.8,30.44,45.7
Grindwell Norton Ltd.,Capital Goods,1676.6,1703.05,1645.15,57.9,1680,15338,25625196.6,2018.35,1161,35.52,1.81,20.14,30.89,25.41,45.55
Trent Ltd.,Consumer Services,1074.15,1088.1,1059.1,29,1078,555368,595593304.2,1346.85,838,26.39,4.44,24.94,22.26,19.81,44.74
Atul Ltd.,Chemicals,7988.55,8070,7891,179,8012,10672,85048369.6,10969,7750,10.55,1.4,36.91,3.27,7.81,44.71
IDFC Ltd.,Financial Services,49.35,51.4,48.65,2.75,50.8,5859079,293422676.3,70.2,41.65,8.81,0.61,38.19,18.01,6.35,44.54
IIFL Wealth Management Ltd.,Financial Services,1488.5,1550,1458.95,91.05,1543,191551,288908711.3,1908.3,1122.35,27.2,5.45,23.67,27.26,20.68,44.35
Bharat Forge Ltd.,Capital Goods,645.15,649.35,635,14.35,643,650298,418492774.9,847.95,595,14.45,7.53,31.87,7.47,12.37,44.25
Aditya Birla Fashion and Retail Ltd.,Consumer Services,235.6,243.5,235.6,7.9,242.2,1014277,243548193.2,322,189.35,9.87,12.62,32.95,21.82,10.7,43.64
HCL Technologies Ltd.,Information Technology,964.5,981.45,964.2,17.25,979.05,2827579,2746681965,1377.75,944.05,1.04,6.49,40.72,3.57,2.68,43.4
Cochin Shipyard Ltd.,Capital Goods,310.9,313,307.15,5.85,312.85,34795,10809066.75,402.6,280.75,19.08,3.53,28.69,10.26,14.42,43.1
Mahindra CIE Automotive Ltd.,Automobile and Auto Components,233,233.1,226.1,7,229.95,276850,63426335,312,163.95,1.89,19.63,35.68,28.7,7.21,42.89
NOCIL Ltd.,Chemicals,253.75,254.5,244.35,10.15,247.7,373166,92500388.08,321.3,190.7,16.92,3.54,29.71,23.01,12.91,42.62
Sapphire Foods India Ltd.,Consumer Services,1084,1104,1070.45,33.55,1086,145969,157913643.3,1540,909,0,2.09,41.8,16.3,0.63,42.43
Sundram Fasteners Ltd.,Automobile and Auto Components,724,752,718.45,33.55,747,46481,34167253.48,993.7,673.05,10.36,7.08,33.03,9.9,9.38,42.4
Narayana Hrudayalaya Ltd.,Healthcare,634.1,644.35,631.5,12.85,640,50400,32060448,777,468.3,28.5,3.38,21.41,26.83,20.96,42.37
Adani Ports and Special Economic Zone Ltd.,Services,670,680,656,24,678.3,3151179,2105491761,924.65,651.95,4.5,9.16,36.32,3.88,5.9,42.22
Suven Pharmaceuticals Ltd.,Healthcare,460,465,457.7,7.3,460.1,46758,21604066.32,631.75,425.7,3.68,7.53,37.31,7.48,4.84,42.14
Page Industries Ltd.,Textiles,40199,41599.9,40124.95,1474.95,41236.6,13064,535251806.6,46737.7,29119.95,36.06,11.12,13.34,29.38,28.58,41.92
United Spirits Ltd.,Fast Moving Consumer Goods,760.5,791.5,754.05,37.45,787.1,2124003,1649755610,1019.95,629.1,14.83,6.13,29.58,20.07,12.22,41.8
Mazagoan Dock Shipbuilders Ltd.,Capital Goods,246.7,249.95,241.55,8.4,249.1,68727,16861482.18,342.4,221.1,1.34,11.02,37.45,11.24,4.24,41.7
Garware Technical Fibres Ltd.,Textiles,3093.75,3093.75,2972.35,121.4,3000.5,4359,13258639.53,4030,2619.8,9.01,3.57,34.31,12.69,7.38,41.69
Dr. Reddy's Laboratories Ltd.,Healthcare,4385,4395,4290.05,104.95,4385,304799,1327369165,5614.6,3654,18.98,0.55,28.04,16.67,13.45,41.49
CCL Products (I) Ltd.,Fast Moving Consumer Goods,380,385.15,375.25,9.9,382.3,132875,50844618.75,514.95,310,6.03,8.29,34.7,18.91,6.71,41.41
Alkem Laboratories Ltd.,Healthcare,2995,3035,2970.95,64.05,3011.25,21837,65524757.31,4070,2828,6.28,4.78,35.16,6.09,5.83,40.99
Godfrey Phillips India Ltd.,Fast Moving Consumer Goods,1089,1089,1042.65,46.35,1061.35,12787,13588233.42,1408.75,933,7.91,8.16,32.73,12.09,7.99,40.72
Adani Enterprises Ltd.,Metals & Mining,2189.9,2242,2138.25,103.75,2229.25,2141743,4695578771,2420.95,1332.75,45.33,1.08,8.6,40.22,32.06,40.65
Polycab India Ltd.,Capital Goods,2202.5,2216.8,2156.25,60.55,2180,409500,894397140,2820,1762,11.45,9.85,29.36,19.17,10.97,40.33
Shriram Transport Finance Co. Ltd.,Financial Services,1266.2,1274.8,1238.5,36.3,1264,1071657,1348476720,1696.4,1002,4.57,8.94,34.21,20.73,5.88,40.09
GAIL (India) Ltd.,Oil Gas & Consumable Fuels,134.1,136.4,131,5.4,132.6,10077624,1336595271,173.5,125.2,9.66,8.15,30.84,5.58,9.21,40.05
CRISIL Ltd.,Financial Services,3281.2,3398,3264.1,133.9,3269.7,42577,142348109.9,3863.55,2425.2,29.43,3.52,18.16,25.83,21.66,39.82
Borosil Renewables Ltd.,Capital Goods,603,614.8,595.2,19.6,607.7,469179,284435077,833.35,261.2,0,8.39,37.13,57.02,2.52,39.65
SKF India Ltd.,Capital Goods,3620,3786.65,3578.05,208.6,3720,68901,249967315.9,4239.95,2502.3,35.72,1.1,13.98,32.73,25.33,39.31
CreditAccess Grameen Ltd.,Financial Services,1012.95,1025,995.15,29.85,1021.9,159386,160874665.2,1154,494.7,35.44,5.2,12.93,51.59,26.37,39.29
Capri Global Capital Ltd.,Financial Services,685.55,689.15,681.05,8.1,681.15,16875,11555156.25,805,436.85,29.13,2.38,18.18,35.87,21.11,39.29
Dabur India Ltd.,Fast Moving Consumer Goods,492.05,512.7,492.05,20.65,511.3,1704654,861071875,658.95,482.25,12.8,4.44,28.88,5.68,10.29,39.17
Bata India Ltd.,Consumer Durables,1665,1706.95,1650,56.95,1705,122583,206081636.3,2262,1550,4.51,11.11,32.67,9.09,6.49,39.16
Kotak Mahindra Bank Ltd.,Financial Services,1645,1679.5,1636,43.5,1678,2300514,3822234996,2253,1626,2.62,10.06,34.27,3.1,4.85,39.12
3M India Ltd.,Diversified,21950,21999,21126.05,872.95,21575,4159,89653566.68,27800,17273,10.18,8.22,28.85,19.94,9.59,38.44
Asian Paints Ltd.,Consumer Durables,2704.9,2780,2685,95,2769.65,1477191,4055317680,3590,2560,9.94,5.75,29.62,7.57,8.68,38.3
Phoenix Mills Ltd.,Realty,1183.7,1214,1162.8,51.2,1173.05,172501,205640167.1,1244.95,793.4,45.21,1.44,6.13,32.36,32.08,38.21
C.E. Info Systems Ltd.,Information Technology,1399.9,1421.25,1373.2,48.05,1407,83012,116391955.3,1917.4,1128.8,0,6.27,36.28,19.77,1.88,38.16
Container Corporation of India Ltd.,Services,596.4,605,585.05,19.95,603.15,1065738,634167396.9,754.4,554,14.9,8.63,25.08,8.15,13.02,38.1
Bharti Airtel Ltd.,Telecommunication,684.85,685.8,666,19.8,673,4488771,3024129910,781.8,514.85,30.31,2.18,16.17,23.5,21.87,38.04
Infosys Ltd.,Information Technology,1454,1485,1442.35,42.65,1481,4651635,6800411272,1953.9,1367.15,7.52,2.77,31.93,7.69,6.1,38.03
Jamna Auto Industries Ltd.,Automobile and Auto Components,122.2,129.8,122.2,7.6,125.4,6199390,784966761.8,129.8,78.6,44.3,10.64,3.51,37.32,34.2,37.71
Cholamandalam Investment and Finance Company Ltd.,Financial Services,616.2,643.15,616.05,27.1,637.95,1694794,1067737168,768,469.25,20.7,8.84,20.39,26.44,17.14,37.53
V0Guard Industries Ltd.,Consumer Durables,224.2,226.75,217.1,9.65,218.5,212688,47031697.44,274.8,181,15.07,3.88,25.77,17.16,11.71,37.48
DCM Shriram Ltd.,Diversified,941.5,954.35,936.1,18.25,947.8,26354,24980693.06,1263.85,855,3.56,4.8,33.35,9.79,3.93,37.28
Larsen & Toubro Ltd.,Construction,1560.95,1576,1534.6,41.4,1571.8,1294305,2016255386,2078.55,1456.35,3.85,5.82,32.24,7.35,4.44,36.68
Eris Lifesciences Ltd.,Healthcare,670.55,670.55,648.45,22.1,651,8326,5464104.02,863,600.3,5.7,0.09,32.57,7.79,4.02,36.58
NTPC Ltd.,Power,142,143.2,139.75,3.45,141.1,9592229,1355381958,166.35,111.95,22.77,8.4,17.9,20.66,18.46,36.35
Bank of Baroda,Financial Services,97.6,97.8,95.6,2.2,97.35,32287305,3114433440,122.7,72.5,13.39,2.84,26.04,25.53,10.23,36.27
RHI MAGNESITA INDIA LTD.,Capital Goods,502.5,513.95,497.65,16.3,501.95,165626,83506972.94,674,317.3,0,6.55,34.28,36.79,1.97,36.24
Indian Bank,Financial Services,148.35,150.75,146.65,4.1,149.65,746419,110776043.8,194.95,115.1,3.56,11.57,30.27,23.09,5.96,36.23
NHPC Ltd.,Power,30.65,31.35,30.6,0.75,30.95,6808415,211197033.3,37.6,25.3,17.37,8.62,21.49,18.26,14.75,36.23
Go Fashion (India) Ltd.,Consumer Services,990,999.5,980,19.5,988.5,6325,6258208,1339.9,847.3,0,0.84,35.55,14.28,0.25,35.8
TVS Motor Company Ltd.,Automobile and Auto Components,837.5,886.3,827.3,59,836.05,3263584,2765887440,886.3,495,35.69,14.31,6.01,40.79,29.28,35.29
Cholamandalam Financial Holdings Ltd.,Financial Services,590.25,610.5,586.9,23.6,602.05,17853,10648243.32,762.3,564.05,10.42,4.58,26.62,6.31,8.67,35.29
Reliance Industries Ltd.,Oil Gas & Consumable Fuels,2574.9,2592,2365,227,2406,37841671,92119871799,2856.15,2016.25,22.98,1.41,18.71,16.2,16.51,35.22
HDFC Bank Ltd.,Financial Services,1343.95,1360,1330.05,29.95,1354.95,5736226,7722508977,1725,1271.6,10.01,2.95,27.31,6.15,7.89,35.2
Bharat Electronics Ltd.,Capital Goods,233,235.5,227.25,8.25,229.7,5108014,1175354021,259.5,162.35,31.52,0.28,12.97,29.32,22.15,35.12
Aptus Value Housing Finance India Ltd.,Financial Services,276.5,294.7,274.3,20.4,293.65,449163,128519009.2,394.9,220.1,0,1.38,34.48,25.05,0.41,34.89
Abbott India Ltd.,Healthcare,18700.4,19200,18605,595,19199.8,12396,234676981.3,23934.45,15514,11.61,5.84,24.66,19.2,9.88,34.54
Fortis Healthcare Ltd.,Healthcare,236.65,238,232.3,5.7,235.5,536057,125769693.3,313.45,219.75,1.4,0.82,33.1,6.69,1.23,34.33
PVR Ltd.,Media Entertainment & Publication,1860.85,1895,1828.9,66.1,1888,358082,664456959.2,2003.8,1224.05,39.43,1.13,6.13,35.17,27.94,34.07
Coal India Ltd.,Oil Gas & Consumable Fuels,185,186.15,176.6,9.55,183.2,17248729,3132369186,209,132.75,26.56,3.78,14.08,27.54,19.73,33.81
Yes Bank Ltd.,Financial Services,12.65,12.75,12.55,0.2,12.7,18633694,235902566,16.25,10.5,6.64,3.8,27.95,17.32,5.79,33.74
Marico Ltd.,Fast Moving Consumer Goods,478,493,477.6,15.4,492,846365,411604226.8,607.7,455.65,9.97,10.45,23.52,7.39,10.11,33.63
PCBL Ltd.,Chemicals,104,106.4,103.05,3.35,104,547189,57274272.63,138.65,89,0,0.76,33.32,14.42,0.23,33.55
Sun Pharmaceutical Industries Ltd.,Healthcare,829.9,836.95,825,11.95,830.8,2316527,1921188502,967.05,664.2,22.97,3.49,16.4,20.05,17.13,33.53
Torrent Power Ltd.,Power,451,460.6,449.4,11.2,460.6,220456,100386844.2,606.55,415.25,1.84,0.96,31.69,9.85,1.58,33.26
Hindustan Unilever Ltd.,Fast Moving Consumer Goods,2226,2293,2203.6,89.4,2291,1235612,2788393244,2859.3,1901.55,9.74,5.21,24.81,17,8.38,33.19
ICICI Bank Ltd.,Financial Services,703.45,706.75,694.1,12.65,706,9884899,6924865994,867,629.8,12.09,6.06,22.8,10.79,10.28,33.09
NESCO Ltd.,Services,550,555.5,545.6,9.9,553.6,12047,6631150.68,696.8,501.95,9.09,1.71,25.87,9.33,6.88,32.74
Tata Coffee Ltd.,Fast Moving Consumer Goods,193.9,199,192.25,6.75,198.25,568731,111198285.1,254.4,178.6,3.33,6.58,28.32,9.91,4.31,32.63
MRF Ltd.,Automobile and Auto Components,70300,72500,70300,2200,71900,5409,386007226.9,87550,63000,11.59,8.82,21.77,12.38,10.76,32.53
Pidilite Industries Ltd.,Chemicals,2099.95,2164.35,2082.8,81.55,2158,501109,1067727980,2764.7,1988.55,2.97,6.93,28.11,7.85,4.16,32.27
Mahindra Holidays & Resorts India Ltd.,Consumer Services,213.5,231,211.1,19.9,227,1395618,315423624.2,274.9,165.43,14.26,3.01,21.1,27.12,10.89,31.99
J.B. Chemicals & Pharmaceuticals Ltd.,Healthcare,1578,1587,1558.9,28.1,1563,15467,24327425.62,1985,1342.2,5.56,3.26,27,14.13,4.87,31.87
Bayer Cropscience Ltd.,Chemicals,5032.15,5135,4982,153,5105,5806,29271761.84,6130,4218.05,13.5,7.24,20.08,17.37,11.62,31.7
Mahindra & Mahindra Ltd.,Automobile and Auto Components,1092.4,1113.35,1064,49.35,1107,2839545,3101862167,1121.45,671.15,40.56,5.68,1.31,39.37,30.1,31.4
Westlife Development Ltd.,Consumer Services,498,508,490.05,17.95,491,50304,25038816,629,402.3,0.46,9.25,28.11,18.07,3.1,31.2
Colgate Palmolive (India) Ltd.,Fast Moving Consumer Goods,1488.8,1520,1484.35,35.65,1515.1,437561,661491593,1823.4,1375.6,11.8,8.63,20.35,9.21,10.85,31.2
Balkrishna Industries Ltd.,Automobile and Auto Components,2125,2179,2109.5,69.5,2178.85,142057,304220747.8,2723.8,1690.55,4.02,8.11,25.01,22.41,5.25,30.26
Tata Consumer Products Ltd.,Fast Moving Consumer Goods,700,722.95,697,25.95,721.5,954981,679086989.1,889,650.2,6.37,7.03,23.22,9.88,6.57,29.78
ABB India Ltd.,Capital Goods,2260.35,2311.5,2260.35,51.15,2280,97053,221093527.7,2487.85,1618.05,27.25,5.21,9.12,29.03,20.64,29.75
Power Grid Corporation of India Ltd.,Power,211.05,212.9,205.2,7.7,206.55,8350248,1735766052,248.35,167.15,8.82,9.02,20.24,19.08,8.88,29.12
SIS Ltd.,Services,456,456,449.8,6.2,452,29489,13327553.55,560,420,5.56,3.31,23.89,7.08,4.89,28.78
Galaxy Surfactants Ltd.,Chemicals,2934.6,2934.6,2838,96.6,2849.95,18915,53998352.85,3585.65,2585,3.4,1.68,25.81,9.3,2.88,28.7
Syngene International Ltd.,Healthcare,550,564.1,544.8,19.3,563,135870,75301871.4,700,510.05,4.89,3.1,24.33,9.4,4.35,28.69
Devyani International Ltd.,Consumer Services,156.35,159.7,152.7,7,158,1367282,214950403.2,198.9,107.55,0,8.89,25.89,31.93,2.67,28.55
Adani Transmission Ltd.,Power,2500,2583.7,2226.3,357.4,2452,741152,1847854989,3000,863,0,20.37,22.35,64.8,6.11,28.46
GMM Pfaudler Ltd.,Capital Goods,4355,4372,4300.05,71.95,4330,14737,64042138.79,5295,3770,7.22,3.63,22.29,12.93,6.14,28.43
Glaxosmithkline Pharmaceuticals Ltd.,Healthcare,1505,1527,1499,28,1499,54631,82318537.11,1918.75,1450,0.17,0.8,28,3.27,0.36,28.36
E.I.D. Parry (India) Ltd.,Fast Moving Consumer Goods,525.5,532.55,513,19.55,529,228073,119282179,576,377.3,24.42,4.51,8.88,28.68,18.45,27.33
Jyothy Labs Ltd.,Fast Moving Consumer Goods,148.35,152.5,147.5,5,150,771549,115686057.1,187.3,130.15,3.33,0.44,24.87,13.23,2.46,27.33
UFLEX Ltd.,Capital Goods,580.6,583,568.05,14.95,579,59052,34016314.08,719,427,2.08,5.34,24.18,26.25,3.06,27.24
Blue Dart Express Ltd.,Services,7850,7877,7730.1,146.9,7765.55,16566,129401664.5,7880,5306.5,34.59,4.17,1.47,31.67,25.46,26.94
Praj Industries Ltd.,Capital Goods,364.9,364.9,357.4,7.5,358.5,207864,74752051.68,448,289.05,0,6.17,24.97,19.37,1.85,26.82
SJVN Ltd.,Power,26.8,27.55,26.7,0.85,27.4,834442,22588344.94,33.75,25.35,3.58,2.36,23.18,7.48,3.21,26.39
Bajaj Auto Ltd.,Automobile and Auto Components,3667.95,3678.7,3601.1,77.6,3621.7,756589,2746788799,4250,3027.05,10.34,4.08,17.35,16.42,8.46,25.81
Sumitomo Chemical India Ltd.,Chemicals,424.15,425.95,420.95,5,422.75,84550,35780714.5,492,344.25,9.81,8.49,16.38,18.57,9.41,25.79
Ambuja Cements Ltd.,Construction Materials,363.95,368.6,362.1,6.5,367.5,2763265,1011078664,442.5,274,6.56,1.73,20.41,25.44,5.11,25.52
Bosch Ltd.,Automobile and Auto Components,15273,15731.2,15201.55,529.65,15650,71619,1114657346,19250,12932.45,1.36,4.12,23,17.36,2.19,25.19
State Bank of India,Financial Services,463.35,468.8,460.55,8.25,468.5,9405495,4374119505,549,401.25,11.14,0.47,17.18,14.35,7.94,25.12
Mahindra & Mahindra Financial Services Ltd.,Financial Services,176.05,179.7,171.05,8.65,177.2,2173337,380899042.6,206.35,128,11.65,1.63,16.45,27.77,8.64,25.09
SBI Life Insurance Company Ltd.,Financial Services,1085.45,1105.35,1075,30.35,1100.25,696341,760118872.2,1293.25,996.05,7.29,7.88,17.54,9.47,7.47,25.01
ITC Ltd.,Fast Moving Consumer Goods,273.5,285,271.2,13.8,284.75,35165665,9842517977,285,200.9,34.93,1.05,0.09,29.45,24.77,24.85
ACC Ltd.,Construction Materials,2122.95,2174,2122.95,51.05,2171.7,284645,613620612.3,2589,1900,5.32,3.48,19.22,12.51,4.77,23.98
Tata Consultancy Services Ltd.,Information Technology,3260,3333,3252.05,80.95,3331,1502879,4930344847,4043,3023.85,2.35,2.89,21.37,9.22,2.51,23.89
Procter & Gamble Hygiene & Health Care Ltd.,Fast Moving Consumer Goods,13330,13450,13224.6,225.4,13450,23356,311314226,16448.7,12310.1,0.47,3.25,22.3,8.48,1.3,23.6
Cummins India Ltd.,Capital Goods,1016,1030.2,1014,16.2,1030,149758,153313254.9,1162,821.6,13.86,0.17,12.82,20.23,9.75,22.57
Vinati Organics Ltd.,Chemicals,1977,2024.9,1936.7,88.2,1983,40500,80528580,2290,1674.2,8.36,3.2,15.48,15.57,6.81,22.29
Navin Fluorine International Ltd.,Chemicals,3665,3696.85,3557.95,138.9,3675,112850,410425293.5,4329,3202.5,2.6,6.95,17.8,12.86,3.91,21.7
Ashok Leyland Ltd.,Capital Goods,148,149,144.65,4.35,146.4,19976245,2920926544,153.5,93.2,20.55,7.49,4.85,36.34,16.63,21.48
Britannia Industries Ltd.,Fast Moving Consumer Goods,3412,3600,3412,188,3575,292487,1029595188,4153,3050,5.02,4.97,16.17,14.69,5.01,21.17
United Breweries Ltd.,Fast Moving Consumer Goods,1453.8,1509,1440,69,1501.95,174055,256786822.6,1785.8,1274.5,0.45,5.81,18.9,15.14,2.06,20.96
Siemens Ltd.,Capital Goods,2381,2425,2366.3,58.7,2410,208443,502199635.5,2576.85,1920,18.77,1.38,6.92,20.33,13.55,20.48
Cipla Ltd.,Healthcare,911.2,956.05,911.2,44.85,948,1793834,1677593557,1083,850,5.63,7.63,14.24,10.34,6.23,20.47
IIFL Finance Ltd.,Financial Services,323.5,335,317.15,17.85,333.5,526247,172893189.4,396,242.9,0,0.76,18.74,27.17,0.23,18.97
Maruti Suzuki India Ltd.,Automobile and Auto Components,8440,8450,8305.6,144.4,8399.95,530569,4440634385,9050,6536.55,12.7,6.33,7.74,22.18,10.79,18.53
CG Power and Industrial Solutions Ltd.,Capital Goods,192,196.25,188.6,7.65,189.65,928649,178430618.9,219.65,71.7,0,5.33,15.82,62.19,1.6,17.42
Federal Bank Ltd.,Financial Services,90.55,94.35,89.3,5.05,94.05,16073373,1482447192,107.65,77.5,3.56,1.52,14.46,17.6,2.95,17.41
Nestle India Ltd.,Fast Moving Consumer Goods,17400,17829.4,17331.05,498.35,17800,38547,681238432.7,20609.15,16000,0.92,1.25,15.78,10.11,1.02,16.8
Varun Beverages Ltd.,Fast Moving Consumer Goods,790,809,786.2,22.8,790,951574,759584429.8,809,472.67,8.35,25.17,2.41,40.17,13.4,15.8
Great Eastern Shipping Co. Ltd.,Services,395.75,398.9,385,13.9,390.25,120133,46909533.84,445,265,1.74,0.39,14.03,32.09,1.34,15.36
Adani Total Gas Ltd.,Oil Gas & Consumable Fuels,2392.55,2442.95,2370,72.95,2389,436503,1045280639,2740,774.95,0,0.21,14.69,67.56,0.06,14.76
ZF Commercial Vehicle Control Systems India Ltd.,Automobile and Auto Components,7748,7900,7525.3,374.7,7680,12790,98846236,8780.05,6793.3,0,1.43,14.32,11.55,0.43,14.75
Petronet LNG Ltd.,Oil Gas & Consumable Fuels,215.3,222.4,214.8,7.6,220.6,2021428,439842518.5,243.55,190.25,3.76,4.23,10.4,13.76,3.9,14.3
Torrent Pharmaceuticals Ltd.,Healthcare,2850,2925,2838.05,86.95,2920,157824,457984730.9,3298.5,2484.15,1.43,0.98,12.96,14.93,1.3,14.26
Hero MotoCorp Ltd.,Automobile and Auto Components,2715,2770,2683.35,86.65,2758.8,393346,1075824911,2968.95,2146.85,6.3,1.95,7.62,22.18,5,12.61
Eicher Motors Ltd.,Automobile and Auto Components,2775,2809.8,2750.4,59.4,2789,367512,1018802066,2994,2159.55,4.61,0.49,7.35,22.57,3.37,10.72
AIA Engineering Ltd.,Capital Goods,2233.8,2242.45,2170.2,72.25,2210,42620,94240491.6,2350,1475.05,3.91,2.37,6.33,33.26,3.45,9.78
Metro Brands Ltd.,Consumer Durables,600,631.25,600,31.25,617.5,582857,359389626.2,673,426,0,0.39,8.99,31.01,0.12,9.1
Coromandel International Ltd.,Chemicals,953,969.5,932.75,36.75,968.05,366177,349230328.4,983.95,709.35,5.8,0.87,1.64,26.72,4.32,5.96
